Country,Subject,Time,NEET
AUS,15_19,1997,8.0696821
AUS,15_19,1998,8.8245621
AUS,15_19,1999,7.4046468999999995
AUS,15_19,2000,6.8247662
AUS,15_19,2001,7.551385400000001
AUS,15_19,2002,7.027745200000001
AUS,15_19,2003,6.774754
AUS,15_19,2004,7.5151553
AUS,15_19,2005,7.393906100000001
AUS,15_19,2006,7.051608099999999
AUS,15_19,2007,6.4877505
AUS,15_19,2008,6.3100529000000005
AUS,15_19,2009,8.3415461
AUS,15_19,2010,8.059968
AUS,15_19,2011,7.8398156000000006
AUS,15_19,2012,7.2310648
AUS,15_19,2013,7.3363042
AUS,15_19,2014,7.217288000000001
AUS,15_19,2015,5.9854727
AUS,15_19,2016,5.523156200000001
AUS,15_19,2017,5.4119105
AUS,15_19,2018,5.340335400000001
AUS,15_19,2019,5.9049807
AUS,20_24,1997,17.474409
AUS,20_24,1998,15.984615
AUS,20_24,1999,14.548819
AUS,20_24,2000,13.293954000000001
AUS,20_24,2001,13.926723
AUS,20_24,2002,13.209244
AUS,20_24,2003,13.310506
AUS,20_24,2004,12.311726
AUS,20_24,2005,11.648188000000001
AUS,20_24,2006,11.487414
AUS,20_24,2007,10.736289
AUS,20_24,2008,10.710096
AUS,20_24,2009,11.582283
AUS,20_24,2010,11.209383
AUS,20_24,2011,11.690287
AUS,20_24,2012,12.191848
AUS,20_24,2013,13.928379000000001
AUS,20_24,2014,13.246034
AUS,20_24,2015,13.133396
AUS,20_24,2016,11.982759
AUS,20_24,2017,11.547611999999999
AUS,20_24,2018,11.860219
AUS,20_24,2019,11.035892
AUS,15_29,1997,16.034595
AUS,15_29,1998,14.880802
AUS,15_29,1999,13.637552
AUS,15_29,2000,13.192960000000001
AUS,15_29,2001,12.979000000000001
AUS,15_29,2002,12.743526
AUS,15_29,2003,12.591039
AUS,15_29,2004,12.322674000000001
AUS,15_29,2005,11.442005
AUS,15_29,2006,11.395142
AUS,15_29,2007,10.529561
AUS,15_29,2008,10.411158
AUS,15_29,2009,12.320885
AUS,15_29,2010,11.827722999999999
AUS,15_29,2011,11.516515
AUS,15_29,2012,11.717311
AUS,15_29,2013,13.015899000000001
AUS,15_29,2014,12.647472
AUS,15_29,2015,11.831610000000001
AUS,15_29,2016,11.35215
AUS,15_29,2017,10.946128
AUS,15_29,2018,10.842403
AUS,15_29,2019,10.399728999999999
AUT,15_19,2004,7.937342200000001
AUT,15_19,2005,7.0263900999999995
AUT,15_19,2006,6.619940299999999
AUT,15_19,2007,5.544367299999999
AUT,15_19,2008,5.7128716
AUT,15_19,2009,6.596950099999999
AUT,15_19,2010,5.6628013
AUT,15_19,2011,5.8195653
AUT,15_19,2012,4.7568502
AUT,15_19,2013,5.0905533
AUT,15_19,2014,7.2301421
AUT,15_19,2015,5.7313957
AUT,15_19,2016,5.469884400000001
AUT,15_19,2017,5.0967417
AUT,15_19,2018,5.2673492
AUT,15_19,2019,6.580255
AUT,20_24,2004,13.873876000000001
AUT,20_24,2005,13.056527
AUT,20_24,2006,12.933875
AUT,20_24,2007,11.764824
AUT,20_24,2008,12.034624
AUT,20_24,2009,12.022243
AUT,20_24,2010,13.432631
AUT,20_24,2011,10.916999
AUT,20_24,2012,11.745262
AUT,20_24,2013,12.0835
AUT,20_24,2014,12.008262
AUT,20_24,2015,11.746785000000001
AUT,20_24,2016,13.210360999999999
AUT,20_24,2017,11.844285000000001
AUT,20_24,2018,12.456524
AUT,20_24,2019,10.883707000000001
AUT,15_29,2004,12.389747999999999
AUT,15_29,2005,11.440991
AUT,15_29,2006,11.958549
AUT,15_29,2007,11.302896
AUT,15_29,2008,10.652842
AUT,15_29,2009,11.419483999999999
AUT,15_29,2010,11.712417
AUT,15_29,2011,10.265295
AUT,15_29,2012,10.286999
AUT,15_29,2013,10.680032
AUT,15_29,2014,11.552073
AUT,15_29,2015,10.438811
AUT,15_29,2016,10.861573
AUT,15_29,2017,10.806797
AUT,15_29,2018,11.101415
AUT,15_29,2019,10.437009
BEL,15_19,1997,8.9662628
BEL,15_19,1998,10.761805
BEL,15_19,1999,6.819418400000001
BEL,15_19,2000,6.5233388
BEL,15_19,2001,6.2215114
BEL,15_19,2002,6.8265199999999995
BEL,15_19,2003,7.1320524
BEL,15_19,2004,4.8880552999999995
BEL,15_19,2005,6.2390045999999995
BEL,15_19,2006,7.1146902999999995
BEL,15_19,2007,5.2268248
BEL,15_19,2008,5.4732242
BEL,15_19,2009,5.673226799999999
BEL,15_19,2010,5.9450474
BEL,15_19,2011,6.0894203000000005
BEL,15_19,2012,8.2777052
BEL,15_19,2013,6.7221231
BEL,15_19,2014,5.3908639
BEL,15_19,2015,4.3356481
BEL,15_19,2016,4.333515599999999
BEL,15_19,2017,4.002316
BEL,15_19,2018,3.9147413
BEL,15_19,2019,4.7707809999999995
BEL,20_24,1997,18.275446
BEL,20_24,1998,16.910097
BEL,20_24,1999,17.699759
BEL,20_24,2000,16.039629
BEL,20_24,2001,13.023933999999999
BEL,20_24,2002,17.414175
BEL,20_24,2003,17.101542000000002
BEL,20_24,2004,16.857789999999998
BEL,20_24,2005,18.29089
BEL,20_24,2006,16.871473
BEL,20_24,2007,15.475403
BEL,20_24,2008,14.135535
BEL,20_24,2009,16.097668
BEL,20_24,2010,18.018107999999998
BEL,20_24,2011,17.138821
BEL,20_24,2012,17.534304000000002
BEL,20_24,2013,18.717245000000002
BEL,20_24,2014,18.854976999999998
BEL,20_24,2015,15.820196
BEL,20_24,2016,14.307858999999999
BEL,20_24,2017,15.199283
BEL,20_24,2018,14.606779999999999
BEL,20_24,2019,15.406888
BEL,15_29,1997,15.246123
BEL,15_29,1998,15.449347
BEL,15_29,1999,14.318655
BEL,15_29,2000,12.918994
BEL,15_29,2001,11.738147999999999
BEL,15_29,2002,13.997588
BEL,15_29,2003,14.364562
BEL,15_29,2004,13.9872
BEL,15_29,2005,14.18948
BEL,15_29,2006,13.903901999999999
BEL,15_29,2007,12.734346
BEL,15_29,2008,12.107311
BEL,15_29,2009,12.740355000000001
BEL,15_29,2010,14.208397
BEL,15_29,2011,13.893257
BEL,15_29,2012,14.955426999999998
BEL,15_29,2013,14.977997
BEL,15_29,2014,15.014685
BEL,15_29,2015,13.808910000000001
BEL,15_29,2016,12.989787
BEL,15_29,2017,13.241013
BEL,15_29,2018,12.750292
BEL,15_29,2019,12.602888
CAN,15_19,1997,7.7429152000000006
CAN,15_19,1998,8.4754267
CAN,15_19,1999,8.316831599999999
CAN,15_19,2000,8.1902895
CAN,15_19,2001,7.3894019
CAN,15_19,2002,7.922705199999999
CAN,15_19,2003,8.059845900000001
CAN,15_19,2004,8.8207092
CAN,15_19,2005,6.8949122
CAN,15_19,2006,7.372841800000001
CAN,15_19,2007,7.205542599999999
CAN,15_19,2008,7.2602739000000005
CAN,15_19,2009,8.0036383
CAN,15_19,2010,8.2154264
CAN,15_19,2011,7.6076994000000004
CAN,15_19,2012,7.202216099999999
CAN,15_19,2013,6.797937400000001
CAN,15_19,2014,7.0230107
CAN,15_19,2015,6.7771816
CAN,15_19,2016,6.218905400000001
CAN,15_19,2017,5.8438287
CAN,15_19,2018,5.9240508
CAN,15_19,2019,5.7817998
CAN,20_24,1997,17.848035999999997
CAN,20_24,1998,17.802645000000002
CAN,20_24,1999,15.699142000000002
CAN,20_24,2000,15.778995000000002
CAN,20_24,2001,15.621939999999999
CAN,20_24,2002,15.202703
CAN,20_24,2003,14.339981
CAN,20_24,2004,13.991577
CAN,20_24,2005,14.391144
CAN,20_24,2006,12.997712
CAN,20_24,2007,13.793103
CAN,20_24,2008,13.30919
CAN,20_24,2009,15.547544
CAN,20_24,2010,15.618028
CAN,20_24,2011,14.958205
CAN,20_24,2012,15.056083
CAN,20_24,2013,13.941698
CAN,20_24,2014,14.808618
CAN,20_24,2015,14.422676000000001
CAN,20_24,2016,14.799331
CAN,20_24,2017,13.178947
CAN,20_24,2018,13.406407999999999
CAN,20_24,2019,12.552653
CAN,15_29,1997,15.791224
CAN,15_29,1998,15.126329
CAN,15_29,1999,14.063276
CAN,15_29,2000,13.706755
CAN,15_29,2001,13.080444
CAN,15_29,2002,13.51176
CAN,15_29,2003,12.872084
CAN,15_29,2004,12.98391
CAN,15_29,2005,12.332651
CAN,15_29,2006,12.016767999999999
CAN,15_29,2007,12.087744
CAN,15_29,2008,11.916313
CAN,15_29,2009,13.361357
CAN,15_29,2010,13.668851
CAN,15_29,2011,13.359964000000002
CAN,15_29,2012,13.399941
CAN,15_29,2013,12.478057000000002
CAN,15_29,2014,13.403195000000002
CAN,15_29,2015,13.261123999999999
CAN,15_29,2016,13.088084
CAN,15_29,2017,12.175824
CAN,15_29,2018,11.947030999999999
CAN,15_29,2019,11.272675
CHL,15_19,2009,17.024143
CHL,15_19,2011,16.130678
CHL,15_19,2013,12.741814
CHL,15_19,2015,11.449327
CHL,15_19,2017,11.724501
CHL,20_24,2009,27.487978000000002
CHL,20_24,2011,24.644346
CHL,20_24,2013,21.110167999999998
CHL,20_24,2015,20.730293
CHL,20_24,2017,21.789063
CHL,15_29,2009,23.598259
CHL,15_29,2011,21.754675
CHL,15_29,2013,18.750889
CHL,15_29,2015,17.971138
CHL,15_29,2017,18.409889
COL,15_19,2013,18.518538
COL,15_19,2014,18.539675
COL,15_19,2015,17.903881
COL,15_19,2016,17.925772
COL,15_19,2017,18.728413
COL,15_19,2018,19.381748
COL,15_19,2019,20.306105
COL,20_24,2013,25.315673999999998
COL,20_24,2014,24.935548999999998
COL,20_24,2015,24.759775
COL,20_24,2016,24.580669
COL,20_24,2017,25.022635
COL,20_24,2018,26.304309999999997
COL,20_24,2019,27.456076
COL,15_29,2013,21.608118
COL,15_29,2014,21.4286
COL,15_29,2015,20.99786
COL,15_29,2016,21.170773
COL,15_29,2017,21.873520000000003
COL,15_29,2018,22.749686999999998
COL,15_29,2019,23.661360000000002
CZE,15_19,1997,5.0000801
CZE,15_19,1998,7.1743145
CZE,15_19,1999,9.662486999999999
CZE,15_19,2000,7.8946671
CZE,15_19,2001,6.8186855
CZE,15_19,2002,6.0258441
CZE,15_19,2003,5.7856288000000005
CZE,15_19,2004,5.708122299999999
CZE,15_19,2005,5.3065124
CZE,15_19,2006,4.5166892999999995
CZE,15_19,2007,2.8889136000000004
CZE,15_19,2008,2.7180445
CZE,15_19,2009,3.5055417999999996
CZE,15_19,2010,3.7581208
CZE,15_19,2011,3.7396714999999996
CZE,15_19,2012,3.9612181000000004
CZE,15_19,2013,3.2109343999999997
CZE,15_19,2014,3.241015
CZE,15_19,2015,3.0411707999999997
CZE,15_19,2016,2.0813158
CZE,15_19,2017,2.0047865000000002
CZE,15_19,2018,2.3840953999999996
CZE,15_19,2019,1.7850622
CZE,20_24,1997,18.244198
CZE,20_24,1998,18.540844
CZE,20_24,1999,20.587754999999998
CZE,20_24,2000,20.334486
CZE,20_24,2001,18.052564999999998
CZE,20_24,2002,18.116163
CZE,20_24,2003,18.018470999999998
CZE,20_24,2004,18.511208
CZE,20_24,2005,16.634684
CZE,20_24,2006,14.143177
CZE,20_24,2007,11.043315
CZE,20_24,2008,10.559878999999999
CZE,20_24,2009,13.133427
CZE,20_24,2010,13.586552
CZE,20_24,2011,12.829332
CZE,20_24,2012,13.384402
CZE,20_24,2013,14.180105
CZE,20_24,2014,12.254344
CZE,20_24,2015,11.615442
CZE,20_24,2016,11.339481
CZE,20_24,2017,10.510724
CZE,20_24,2018,8.8197355
CZE,20_24,2019,8.9284897
CZE,15_29,1997,15.538901000000001
CZE,15_29,1998,16.299702
CZE,15_29,1999,19.010744
CZE,15_29,2000,18.549856
CZE,15_29,2001,17.424421
CZE,15_29,2002,16.904242
CZE,15_29,2003,16.877514
CZE,15_29,2004,17.177551
CZE,15_29,2005,15.895577
CZE,15_29,2006,14.068304999999999
CZE,15_29,2007,11.74424
CZE,15_29,2008,10.876886
CZE,15_29,2009,12.826308000000001
CZE,15_29,2010,13.236864
CZE,15_29,2011,12.748866
CZE,15_29,2012,13.418057000000001
CZE,15_29,2013,13.244039
CZE,15_29,2014,12.489656
CZE,15_29,2015,12.232547
CZE,15_29,2016,11.624346000000001
CZE,15_29,2017,10.906657000000001
CZE,15_29,2018,9.991457
CZE,15_29,2019,9.8013754
DNK,15_19,1997,1.4471048
DNK,15_19,1998,1.7608726000000003
DNK,15_19,1999,3.4095523
DNK,15_19,2000,2.7241148999999996
DNK,15_19,2001,3.7550394999999996
DNK,15_19,2002,2.3972787999999996
DNK,15_19,2003,2.5279238
DNK,15_19,2004,2.0994339
DNK,15_19,2005,4.3055867999999995
DNK,15_19,2006,4.424768900000001
DNK,15_19,2007,4.0999184
DNK,15_19,2008,3.9674367999999993
DNK,15_19,2009,4.241817
DNK,15_19,2010,6.5462475
DNK,15_19,2011,6.0957623
DNK,15_19,2012,6.3090959
DNK,15_19,2013,6.2511749000000005
DNK,15_19,2014,3.7475181000000006
DNK,15_19,2015,4.3792877
DNK,15_19,2016,3.0148408
DNK,15_19,2017,4.5765209
DNK,15_19,2018,4.0498652
DNK,15_19,2019,4.4229937
DNK,20_24,1997,6.5493803
DNK,20_24,1998,7.0013208
DNK,20_24,1999,7.6028891000000005
DNK,20_24,2000,6.606082400000001
DNK,20_24,2001,6.5810804
DNK,20_24,2002,7.315875099999999
DNK,20_24,2003,11.785408
DNK,20_24,2004,11.284278
DNK,20_24,2005,8.304606399999999
DNK,20_24,2006,5.8660239999999995
DNK,20_24,2007,7.9872117
DNK,20_24,2008,9.4764805
DNK,20_24,2009,12.122848
DNK,20_24,2010,13.990274
DNK,20_24,2011,14.517078
DNK,20_24,2012,16.610498
DNK,20_24,2013,15.069463
DNK,20_24,2014,14.152965
DNK,20_24,2015,13.707476000000002
DNK,20_24,2016,11.697092999999999
DNK,20_24,2017,15.593632999999999
DNK,20_24,2018,13.482139000000002
DNK,20_24,2019,12.712753
DNK,15_29,1997,5.89746
DNK,15_29,1998,5.6797938
DNK,15_29,1999,6.5008025
DNK,15_29,2000,5.843938400000001
DNK,15_29,2001,6.184383900000001
DNK,15_29,2002,5.5828538
DNK,15_29,2003,8.891449900000001
DNK,15_29,2004,8.6064711
DNK,15_29,2005,8.2216225
DNK,15_29,2006,6.2267218
DNK,15_29,2007,7.056663
DNK,15_29,2008,7.5828166
DNK,15_29,2009,8.845994000000001
DNK,15_29,2010,11.944765
DNK,15_29,2011,12.755575
DNK,15_29,2012,13.28861
DNK,15_29,2013,12.585038
DNK,15_29,2014,11.583735
DNK,15_29,2015,11.433514
DNK,15_29,2016,9.7030172
DNK,15_29,2017,12.670603999999999
DNK,15_29,2018,12.030656
DNK,15_29,2019,11.618057
EST,15_19,2003,3.3388205
EST,15_19,2004,7.598427799999999
EST,15_19,2005,5.169532299999999
EST,15_19,2006,3.6924341
EST,15_19,2007,5.7439179000000005
EST,15_19,2008,4.864977400000001
EST,15_19,2009,7.958958099999999
EST,15_19,2010,6.1178093
EST,15_19,2011,6.3936768
EST,15_19,2012,6.775477400000001
EST,15_19,2013,4.6260791
EST,15_19,2014,6.9754162
EST,15_19,2015,5.4960833
EST,15_19,2016,4.2167153
EST,15_19,2017,5.7654986
EST,15_19,2018,8.965663900000001
EST,15_19,2019,3.4497755
EST,20_24,2003,17.981668
EST,20_24,2004,19.464617
EST,20_24,2005,16.319042
EST,20_24,2006,15.359587
EST,20_24,2007,15.301402
EST,20_24,2008,10.652104
EST,20_24,2009,19.785364
EST,20_24,2010,22.449802
EST,20_24,2011,15.774963
EST,20_24,2012,17.059233
EST,20_24,2013,16.835884
EST,20_24,2014,16.13764
EST,20_24,2015,14.988131
EST,20_24,2016,13.945857
EST,20_24,2017,13.222210999999998
EST,20_24,2018,12.211666000000001
EST,20_24,2019,10.77473
EST,15_29,2003,15.123198
EST,15_29,2004,15.337422
EST,15_29,2005,14.763182
EST,15_29,2006,11.378634
EST,15_29,2007,13.03608
EST,15_29,2008,11.340710000000001
EST,15_29,2009,19.014498
EST,15_29,2010,19.136993
EST,15_29,2011,15.154461999999999
EST,15_29,2012,15.942339000000002
EST,15_29,2013,14.799244
EST,15_29,2014,14.499514999999999
EST,15_29,2015,12.8484
EST,15_29,2016,14.530251999999999
EST,15_29,2017,11.751085
EST,15_29,2018,12.717611999999999
EST,15_29,2019,10.388157000000001
FIN,15_19,2003,6.230855
FIN,15_19,2004,5.900745400000001
FIN,15_19,2005,5.2412815
FIN,15_19,2006,3.5794057999999995
FIN,15_19,2007,3.5334415
FIN,15_19,2008,5.0761824
FIN,15_19,2009,5.1257071
FIN,15_19,2010,5.114494799999999
FIN,15_19,2011,5.0536332
FIN,15_19,2012,4.6923285
FIN,15_19,2013,4.8251047
FIN,15_19,2014,5.5233388
FIN,15_19,2015,5.1538558
FIN,15_19,2016,4.1666665
FIN,15_19,2017,4.4827585
FIN,15_19,2018,4.5936394
FIN,15_19,2019,4.5454545
FIN,20_24,2003,14.421889000000002
FIN,20_24,2004,15.361343
FIN,20_24,2005,13.046887
FIN,20_24,2006,13.313710999999998
FIN,20_24,2007,13.277648000000001
FIN,20_24,2008,12.013653999999999
FIN,20_24,2009,15.05011
FIN,20_24,2010,15.788644
FIN,20_24,2011,14.318874
FIN,20_24,2012,15.189181
FIN,20_24,2013,15.467455
FIN,20_24,2014,15.634870000000001
FIN,20_24,2015,18.292988
FIN,20_24,2016,17.391304
FIN,20_24,2017,16.975309
FIN,20_24,2018,14.195583
FIN,20_24,2019,12.903226
FIN,15_29,2003,11.6391
FIN,15_29,2004,12.363494000000001
FIN,15_29,2005,10.900252
FIN,15_29,2006,10.433372
FIN,15_29,2007,10.148082
FIN,15_29,2008,9.8611488
FIN,15_29,2009,11.955111
FIN,15_29,2010,12.637969
FIN,15_29,2011,11.756824
FIN,15_29,2012,11.927396
FIN,15_29,2013,12.331663
FIN,15_29,2014,12.966842
FIN,15_29,2015,14.311735
FIN,15_29,2016,13.227513
FIN,15_29,2017,12.605042
FIN,15_29,2018,11.945032000000001
FIN,15_29,2019,11.040339
FRA,15_19,1997,6.7982545
FRA,15_19,1998,6.155844200000001
FRA,15_19,1999,7.3424176999999995
FRA,15_19,2000,6.9939022
FRA,15_19,2001,6.605187400000001
FRA,15_19,2002,6.7991657000000005
FRA,15_19,2003,5.377984
FRA,15_19,2004,5.3902792999999996
FRA,15_19,2005,6.3386559
FRA,15_19,2006,6.9818702
FRA,15_19,2007,6.293276799999999
FRA,15_19,2008,5.813050700000001
FRA,15_19,2009,6.8145199000000005
FRA,15_19,2010,7.9171990999999995
FRA,15_19,2011,7.0512776
FRA,15_19,2012,6.8722663
FRA,15_19,2013,7.7829312999999996
FRA,15_19,2014,7.863688000000001
FRA,15_19,2015,7.4459929
FRA,15_19,2016,7.255382099999999
FRA,15_19,2017,7.1852927
FRA,15_19,2018,6.836303699999999
FRA,15_19,2019,6.4798903
FRA,20_24,1997,22.125017
FRA,20_24,1998,20.545433
FRA,20_24,1999,21.159588
FRA,20_24,2000,17.602732
FRA,20_24,2001,17.112842999999998
FRA,20_24,2002,17.554239000000003
FRA,20_24,2003,16.704065
FRA,20_24,2004,18.790617
FRA,20_24,2005,17.784674
FRA,20_24,2006,18.987555
FRA,20_24,2007,17.939295
FRA,20_24,2008,16.592254999999998
FRA,20_24,2009,19.953426
FRA,20_24,2010,20.63196
FRA,20_24,2011,20.283285
FRA,20_24,2012,20.077175
FRA,20_24,2013,19.380768
FRA,20_24,2014,18.352707000000002
FRA,20_24,2015,20.940447
FRA,20_24,2016,21.919884
FRA,20_24,2017,20.744979999999998
FRA,20_24,2018,20.306179
FRA,20_24,2019,19.492943
FRA,15_29,1997,17.738672
FRA,15_29,1998,17.012864999999998
FRA,15_29,1999,17.148433999999998
FRA,15_29,2000,14.991988000000001
FRA,15_29,2001,14.479424
FRA,15_29,2002,14.736425
FRA,15_29,2003,14.117360000000001
FRA,15_29,2004,14.599412
FRA,15_29,2005,14.519276000000001
FRA,15_29,2006,15.150719
FRA,15_29,2007,14.470678
FRA,15_29,2008,14.030657000000001
FRA,15_29,2009,15.631279999999999
FRA,15_29,2010,16.61404
FRA,15_29,2011,16.407498999999998
FRA,15_29,2012,16.582481
FRA,15_29,2013,16.340042
FRA,15_29,2014,16.251742999999998
FRA,15_29,2015,17.200922
FRA,15_29,2016,17.187014
FRA,15_29,2017,16.5467
FRA,15_29,2018,16.096914
FRA,15_29,2019,15.446902
DEU,15_19,1997,4.9913305999999995
DEU,15_19,1999,4.5217838
DEU,15_19,2000,5.706188200000001
DEU,15_19,2001,5.1034093
DEU,15_19,2002,4.6982503
DEU,15_19,2003,4.703126
DEU,15_19,2004,3.5728120999999997
DEU,15_19,2005,4.381598
DEU,15_19,2006,4.2069278
DEU,15_19,2007,4.153209700000001
DEU,15_19,2008,3.7137542000000003
DEU,15_19,2009,3.7614782
DEU,15_19,2010,3.6800763999999995
DEU,15_19,2011,3.5028071000000005
DEU,15_19,2012,3.0291922000000002
DEU,15_19,2013,2.8013388999999997
DEU,15_19,2014,2.9256914000000003
DEU,15_19,2015,2.5401251
DEU,15_19,2016,3.3506637
DEU,15_19,2017,3.6124758999999997
DEU,15_19,2018,3.3796913999999996
DEU,20_24,1997,18.382656
DEU,20_24,1999,16.684473
DEU,20_24,2000,16.947348
DEU,20_24,2001,16.394785
DEU,20_24,2002,15.882365
DEU,20_24,2003,15.639933
DEU,20_24,2004,17.515009
DEU,20_24,2005,18.691584
DEU,20_24,2006,16.734121
DEU,20_24,2007,15.243992
DEU,20_24,2008,13.967026
DEU,20_24,2009,13.731467000000002
DEU,20_24,2010,13.672372
DEU,20_24,2011,12.566395
DEU,20_24,2012,11.180106
DEU,20_24,2013,10.314672
DEU,20_24,2014,10.13437
DEU,20_24,2015,9.2717819
DEU,20_24,2016,10.794946000000001
DEU,20_24,2017,10.080936999999999
DEU,20_24,2018,10.387557000000001
DEU,15_29,1997,14.311419
DEU,15_29,1999,13.219603
DEU,15_29,2000,13.309676000000001
DEU,15_29,2001,13.089443
DEU,15_29,2002,12.621108999999999
DEU,15_29,2003,12.862095
DEU,15_29,2004,13.454344
DEU,15_29,2005,14.703323999999999
DEU,15_29,2006,13.602720999999999
DEU,15_29,2007,12.578499
DEU,15_29,2008,11.645081
DEU,15_29,2009,11.639909
DEU,15_29,2010,11.974542
DEU,15_29,2011,10.998944
DEU,15_29,2012,9.9439726
DEU,15_29,2013,9.683412599999999
DEU,15_29,2014,9.1729298
DEU,15_29,2015,8.567577400000001
DEU,15_29,2016,9.611374900000001
DEU,15_29,2017,9.3432322
DEU,15_29,2018,9.1876764
GRC,15_19,1997,9.628668800000002
GRC,15_19,1998,11.188678
GRC,15_19,1999,9.3915386
GRC,15_19,2000,9.333174699999999
GRC,15_19,2001,7.237829700000001
GRC,15_19,2002,7.7457785999999995
GRC,15_19,2003,9.501585
GRC,15_19,2004,10.612947
GRC,15_19,2005,11.548344
GRC,15_19,2006,7.6683455
GRC,15_19,2007,8.4274025
GRC,15_19,2008,8.2329617
GRC,15_19,2009,7.9046421
GRC,15_19,2010,7.471760300000001
GRC,15_19,2011,8.3398275
GRC,15_19,2012,10.659656
GRC,15_19,2013,9.294118899999999
GRC,15_19,2014,10.486202
GRC,15_19,2015,8.3757219
GRC,15_19,2016,8.1349669
GRC,15_19,2017,8.4861383
GRC,15_19,2018,8.1153069
GRC,15_19,2019,6.6601119
GRC,20_24,1997,27.454624
GRC,20_24,1998,29.348484000000003
GRC,20_24,1999,27.480379
GRC,20_24,2000,25.915867000000002
GRC,20_24,2001,23.751528
GRC,20_24,2002,23.591739999999998
GRC,20_24,2003,21.660432999999998
GRC,20_24,2004,23.069060999999998
GRC,20_24,2005,21.344175
GRC,20_24,2006,18.026028
GRC,20_24,2007,17.375432999999997
GRC,20_24,2008,16.741257
GRC,20_24,2009,17.830513
GRC,20_24,2010,21.097841
GRC,20_24,2011,24.080826000000002
GRC,20_24,2012,30.397909000000002
GRC,20_24,2013,33.125786
GRC,20_24,2014,31.275614
GRC,20_24,2015,28.09317
GRC,20_24,2016,25.006079
GRC,20_24,2017,23.980156
GRC,20_24,2018,22.852536999999998
GRC,20_24,2019,22.047745000000003
GRC,15_29,1997,21.778004
GRC,15_29,1998,23.410681
GRC,15_29,1999,21.763514
GRC,15_29,2000,21.521214999999998
GRC,15_29,2001,19.79446
GRC,15_29,2002,20.13822
GRC,15_29,2003,19.378819
GRC,15_29,2004,20.396984
GRC,15_29,2005,19.547388
GRC,15_29,2006,16.701204
GRC,15_29,2007,16.5748
GRC,15_29,2008,15.98409
GRC,15_29,2009,16.617811
GRC,15_29,2010,18.086546
GRC,15_29,2011,21.594867999999998
GRC,15_29,2012,26.7388
GRC,15_29,2013,28.469343
GRC,15_29,2014,28.306071999999997
GRC,15_29,2015,26.14764
GRC,15_29,2016,23.541365
GRC,15_29,2017,22.752119
GRC,15_29,2018,21.454674
GRC,15_29,2019,19.583523
HUN,15_19,1997,8.9105186
HUN,15_19,1998,11.771331
HUN,15_19,1999,11.572163
HUN,15_19,2000,8.629068400000001
HUN,15_19,2001,8.3100376
HUN,15_19,2002,8.0229807
HUN,15_19,2003,6.783719099999999
HUN,15_19,2004,6.2269273
HUN,15_19,2005,6.4243822
HUN,15_19,2006,6.0201235
HUN,15_19,2007,4.9968314000000005
HUN,15_19,2008,5.6969223
HUN,15_19,2009,5.6309371
HUN,15_19,2010,4.637702
HUN,15_19,2011,4.8327742
HUN,15_19,2012,4.7687302
HUN,15_19,2013,5.9510445999999995
HUN,15_19,2014,6.8410015
HUN,15_19,2015,6.115346
HUN,15_19,2016,5.0807853
HUN,15_19,2017,5.4025397
HUN,15_19,2018,6.7675948
HUN,15_19,2019,5.9567003
HUN,20_24,1997,29.206583000000002
HUN,20_24,1998,27.632532
HUN,20_24,1999,23.635588000000002
HUN,20_24,2000,21.988825
HUN,20_24,2001,19.96418
HUN,20_24,2002,20.517735000000002
HUN,20_24,2003,19.887672
HUN,20_24,2004,18.550577
HUN,20_24,2005,18.933823
HUN,20_24,2006,18.508116
HUN,20_24,2007,16.912958
HUN,20_24,2008,18.393347
HUN,20_24,2009,20.900232
HUN,20_24,2010,21.513599
HUN,20_24,2011,22.398207
HUN,20_24,2012,22.459621
HUN,20_24,2013,26.074631
HUN,20_24,2014,20.588264000000002
HUN,20_24,2015,18.43574
HUN,20_24,2016,17.487564000000003
HUN,20_24,2017,16.118893
HUN,20_24,2018,15.442274
HUN,20_24,2019,15.490126
HUN,15_29,1997,23.721262
HUN,15_29,1998,24.232397
HUN,15_29,1999,22.21525
HUN,15_29,2000,20.213612
HUN,15_29,2001,18.859238
HUN,15_29,2002,19.493202
HUN,15_29,2003,18.831015
HUN,15_29,2004,17.076838000000002
HUN,15_29,2005,17.243181
HUN,15_29,2006,17.044252
HUN,15_29,2007,15.614381
HUN,15_29,2008,16.267965
HUN,15_29,2009,17.737835
HUN,15_29,2010,18.917772
HUN,15_29,2011,18.531004
HUN,15_29,2012,18.879009
HUN,15_29,2013,20.482632000000002
HUN,15_29,2014,17.478123
HUN,15_29,2015,15.890547
HUN,15_29,2016,15.176572
HUN,15_29,2017,14.015918
HUN,15_29,2018,13.499011
HUN,15_29,2019,13.303548000000001
ISL,15_19,2014,5.4716997
ISL,15_19,2018,3.8609095
ISL,15_19,2019,4.0652175
ISL,20_24,2014,9.4264145
ISL,20_24,2018,6.4631348
ISL,20_24,2019,6.1003823
ISL,15_29,2003,11.091541000000001
ISL,15_29,2004,6.6838899000000005
ISL,15_29,2005,5.466486
ISL,15_29,2006,5.0737777
ISL,15_29,2007,4.6420388
ISL,15_29,2008,5.568707900000001
ISL,15_29,2009,11.178813
ISL,15_29,2010,11.376157000000001
ISL,15_29,2011,9.7545824
ISL,15_29,2012,9.498806
ISL,15_29,2013,8.0591402
ISL,15_29,2014,8.8360205
ISL,15_29,2015,6.1519022
ISL,15_29,2016,5.3012023
ISL,15_29,2018,6.0540423
ISL,15_29,2019,6.329581299999999
IRL,15_19,1999,5.2391114000000005
IRL,15_19,2000,4.3777385
IRL,15_19,2001,4.1325102
IRL,15_19,2002,4.8758759000000005
IRL,15_19,2003,5.2776155
IRL,15_19,2004,4.916049500000001
IRL,15_19,2005,4.4654020999999995
IRL,15_19,2006,5.0103998
IRL,15_19,2007,5.101138099999999
IRL,15_19,2008,8.4878063
IRL,15_19,2009,11.004281
IRL,15_19,2010,10.149835000000001
IRL,15_19,2011,9.429815300000001
IRL,15_19,2012,9.6333523
IRL,15_19,2013,10.616149
IRL,15_19,2014,9.1234741
IRL,15_19,2015,7.9963869999999995
IRL,15_19,2017,8.360199900000001
IRL,15_19,2018,6.007157299999999
IRL,15_19,2019,6.3635793
IRL,20_24,1999,10.836972
IRL,20_24,2000,9.6522436
IRL,20_24,2001,9.2905245
IRL,20_24,2002,10.938047000000001
IRL,20_24,2003,11.516028
IRL,20_24,2004,11.628121
IRL,20_24,2005,12.259519000000001
IRL,20_24,2006,11.761727
IRL,20_24,2007,12.119417
IRL,20_24,2008,14.572579000000001
IRL,20_24,2009,20.828339
IRL,20_24,2010,26.071754000000002
IRL,20_24,2011,26.054361
IRL,20_24,2012,25.696973999999997
IRL,20_24,2013,22.018423000000002
IRL,20_24,2014,21.152485000000002
IRL,20_24,2015,19.835651000000002
IRL,20_24,2017,14.411112
IRL,20_24,2018,13.551468
IRL,20_24,2019,12.954085000000001
IRL,15_29,1999,9.9441118
IRL,15_29,2000,8.9690275
IRL,15_29,2001,8.9506502
IRL,15_29,2002,10.294398
IRL,15_29,2003,10.790169
IRL,15_29,2004,10.71519
IRL,15_29,2005,10.481542999999999
IRL,15_29,2006,10.397779
IRL,15_29,2007,10.745055
IRL,15_29,2008,12.79305
IRL,15_29,2009,18.578489
IRL,15_29,2010,20.792801
IRL,15_29,2011,21.922867
IRL,15_29,2012,21.089144
IRL,15_29,2013,19.24276
IRL,15_29,2014,18.034855
IRL,15_29,2015,16.197556
IRL,15_29,2017,13.105398
IRL,15_29,2018,11.733475
IRL,15_29,2019,11.049852
ISR,15_19,2002,24.559782000000002
ISR,15_19,2003,25.246069
ISR,15_19,2004,25.561098
ISR,15_19,2005,26.418678000000003
ISR,15_19,2006,25.426382
ISR,15_19,2007,25.748835
ISR,15_19,2008,22.241932000000002
ISR,15_19,2009,24.678871
ISR,15_19,2010,23.568193
ISR,15_19,2011,24.184534
ISR,15_19,2012,10.720357
ISR,15_19,2013,9.059130699999999
ISR,15_19,2014,7.785806200000001
ISR,15_19,2015,8.8250065
ISR,15_19,2016,7.583327799999999
ISR,15_19,2017,7.479518400000001
ISR,15_19,2018,8.879755000000001
ISR,15_19,2019,8.193246799999999
ISR,20_24,2002,41.554344
ISR,20_24,2003,44.247646
ISR,20_24,2004,40.945147999999996
ISR,20_24,2005,41.512257
ISR,20_24,2006,41.091679
ISR,20_24,2007,39.648575
ISR,20_24,2008,37.514122
ISR,20_24,2009,37.450001
ISR,20_24,2010,37.412754
ISR,20_24,2011,37.376038
ISR,20_24,2012,18.748155999999998
ISR,20_24,2013,18.078547
ISR,20_24,2014,18.546991000000002
ISR,20_24,2015,18.554351999999998
ISR,20_24,2016,17.946222
ISR,20_24,2017,17.318842
ISR,20_24,2018,17.022766
ISR,20_24,2019,18.177564999999998
ISR,15_29,2002,31.457703000000002
ISR,15_29,2003,32.275288
ISR,15_29,2004,30.534721
ISR,15_29,2005,30.801971
ISR,15_29,2006,29.988053999999998
ISR,15_29,2007,29.706457
ISR,15_29,2008,27.539165
ISR,15_29,2009,28.70093
ISR,15_29,2010,27.796974
ISR,15_29,2011,27.630471999999997
ISR,15_29,2012,15.659011999999999
ISR,15_29,2013,14.968257000000001
ISR,15_29,2014,13.846004
ISR,15_29,2015,14.077371
ISR,15_29,2016,13.757322
ISR,15_29,2017,13.562289000000002
ISR,15_29,2018,13.345846
ISR,15_29,2019,12.887189
ITA,15_19,1998,15.154241
ITA,15_19,1999,14.77692
ITA,15_19,2000,13.133844
ITA,15_19,2001,12.570163
ITA,15_19,2002,10.527163
ITA,15_19,2004,11.015634
ITA,15_19,2005,11.154937
ITA,15_19,2006,11.792079
ITA,15_19,2007,10.169033
ITA,15_19,2008,9.5876942
ITA,15_19,2009,11.21578
ITA,15_19,2010,12.469954
ITA,15_19,2011,11.387149
ITA,15_19,2012,11.953429
ITA,15_19,2013,11.045097
ITA,15_19,2014,11.189617
ITA,15_19,2015,11.421586
ITA,15_19,2016,9.3510122
ITA,15_19,2017,10.152989999999999
ITA,15_19,2018,10.964608
ITA,15_19,2019,10.850264
ITA,20_24,1998,30.132096999999998
ITA,20_24,1999,29.853413
ITA,20_24,2000,27.473219
ITA,20_24,2001,26.111334
ITA,20_24,2002,24.256173999999998
ITA,20_24,2004,23.642494
ITA,20_24,2005,24.082119
ITA,20_24,2006,22.820732
ITA,20_24,2007,22.580170000000003
ITA,20_24,2008,22.021061
ITA,20_24,2009,24.757555
ITA,20_24,2010,27.103931
ITA,20_24,2011,28.381344
ITA,20_24,2012,31.542171000000003
ITA,20_24,2013,33.743744
ITA,20_24,2014,34.953632
ITA,20_24,2015,33.852139
ITA,20_24,2016,32.231403
ITA,20_24,2017,30.076947999999998
ITA,20_24,2018,28.350168
ITA,20_24,2019,28.534290000000002
ITA,15_29,1998,25.690182
ITA,15_29,1999,25.341173
ITA,15_29,2000,23.294792
ITA,15_29,2001,22.157219
ITA,15_29,2002,20.669525
ITA,15_29,2004,20.533606
ITA,15_29,2005,21.064235999999998
ITA,15_29,2006,20.075226
ITA,15_29,2007,20.022510999999998
ITA,15_29,2008,19.150309
ITA,15_29,2009,21.167088
ITA,15_29,2010,22.984301000000002
ITA,15_29,2011,23.157768
ITA,15_29,2012,24.617849
ITA,15_29,2013,26.099258
ITA,15_29,2014,27.712953999999996
ITA,15_29,2015,27.383543
ITA,15_29,2016,26.017776
ITA,15_29,2017,25.112748999999997
ITA,15_29,2018,23.842592
ITA,15_29,2019,23.670263000000002
JPN,15_19,2005,4.857933999999999
JPN,15_19,2006,4.5266552
JPN,15_19,2007,4.3190289
JPN,15_19,2008,4.1065073
JPN,15_19,2009,4.9156394
JPN,15_19,2010,4.5575395
JPN,15_19,2011,4.8096237
JPN,15_19,2012,3.8409951
JPN,15_19,2013,4.0709038
JPN,15_19,2014,3.6991989999999997
JPN,20_24,2005,12.306799
JPN,20_24,2006,12.104255
JPN,20_24,2007,12.113625
JPN,20_24,2008,11.084064999999999
JPN,20_24,2009,12.572576
JPN,20_24,2010,12.378364999999999
JPN,20_24,2011,12.050763
JPN,20_24,2012,12.356253
JPN,20_24,2013,11.046296
JPN,20_24,2014,10.084141
JPN,15_29,2005,12.403982000000001
JPN,15_29,2006,12.038647000000001
JPN,15_29,2007,11.671296
JPN,15_29,2008,11.345651
JPN,15_29,2009,12.200111
JPN,15_29,2010,11.961289
JPN,15_29,2011,11.705898
JPN,15_29,2012,11.501273
JPN,15_29,2013,10.834349000000001
JPN,15_29,2014,9.8242168
LVA,15_19,2002,6.2152996
LVA,15_19,2003,6.5373292
LVA,15_19,2004,7.9517503
LVA,15_19,2005,7.023449900000001
LVA,15_19,2006,5.3854775
LVA,15_19,2007,6.4030027
LVA,15_19,2008,6.0289874
LVA,15_19,2009,6.8024454
LVA,15_19,2010,6.4000435
LVA,15_19,2011,7.308116
LVA,15_19,2012,7.1696534
LVA,15_19,2013,3.2130334
LVA,15_19,2014,3.7500212
LVA,15_19,2015,3.0982261
LVA,15_19,2016,3.5333407
LVA,15_19,2017,2.2777803
LVA,15_19,2018,2.8844075
LVA,15_19,2019,2.6859933999999996
LVA,20_24,2002,20.265352
LVA,20_24,2003,22.330378
LVA,20_24,2004,22.014118
LVA,20_24,2005,19.432876999999998
LVA,20_24,2006,17.513192999999998
LVA,20_24,2007,16.526846
LVA,20_24,2008,13.971901
LVA,20_24,2009,27.252484999999997
LVA,20_24,2010,30.443193
LVA,20_24,2011,21.625567999999998
LVA,20_24,2012,20.343884
LVA,20_24,2013,17.495060000000002
LVA,20_24,2014,16.59704
LVA,20_24,2015,13.253039999999999
LVA,20_24,2016,18.384752
LVA,20_24,2017,20.266207
LVA,20_24,2018,14.020249
LVA,20_24,2019,13.871192
LVA,15_29,2002,17.464884
LVA,15_29,2003,16.935297
LVA,15_29,2004,17.945957
LVA,15_29,2005,17.229177
LVA,15_29,2006,14.360036
LVA,15_29,2007,14.799329
LVA,15_29,2008,11.965773
LVA,15_29,2009,20.202469
LVA,15_29,2010,22.762682
LVA,15_29,2011,19.562572
LVA,15_29,2012,19.086819000000002
LVA,15_29,2013,15.771196
LVA,15_29,2014,14.520842000000002
LVA,15_29,2015,12.961889
LVA,15_29,2016,14.443724
LVA,15_29,2017,13.85772
LVA,15_29,2018,11.176793
LVA,15_29,2019,10.032343
LTU,15_19,2005,2.4089859000000002
LTU,15_19,2010,3.9872205000000003
LTU,15_19,2014,2.7019365
LTU,15_19,2015,3.9112834999999997
LTU,15_19,2016,2.1311299999999997
LTU,15_19,2017,2.3127720000000003
LTU,15_19,2018,2.5803061
LTU,15_19,2019,3.0009866
LTU,20_24,2005,15.868307000000001
LTU,20_24,2010,24.033410999999997
LTU,20_24,2014,16.416553
LTU,20_24,2015,16.515279999999997
LTU,20_24,2016,14.850269
LTU,20_24,2017,16.069613
LTU,20_24,2018,14.584582000000001
LTU,20_24,2019,14.473471
LTU,15_29,2005,11.414634
LTU,15_29,2010,18.010651
LTU,15_29,2014,14.185811
LTU,15_29,2015,13.743647
LTU,15_29,2016,11.403278
LTU,15_29,2017,11.22066
LTU,15_29,2018,10.495108
LTU,15_29,2019,11.309205
LUX,15_19,2000,1.6736233
LUX,15_19,2005,2.2258427000000003
LUX,15_19,2010,6.2621126
LUX,15_19,2012,2.927866
LUX,15_19,2013,3.5067269999999997
LUX,15_19,2014,2.3953583
LUX,15_19,2017,2.9147307999999996
LUX,15_19,2018,1.4892391
LUX,20_24,2000,8.2279902
LUX,20_24,2005,9.266642599999999
LUX,20_24,2010,7.5167722999999995
LUX,20_24,2012,10.300041
LUX,20_24,2013,8.1920652
LUX,20_24,2014,9.0164194
LUX,20_24,2015,9.306652099999999
LUX,20_24,2017,10.185521000000001
LUX,20_24,2018,10.061987
LUX,15_29,1997,11.179894
LUX,15_29,1998,10.454355
LUX,15_29,1999,10.365949
LUX,15_29,2000,8.1047812
LUX,15_29,2001,8.1836967
LUX,15_29,2002,7.4769335
LUX,15_29,2003,7.02807
LUX,15_29,2004,8.744209300000001
LUX,15_29,2005,7.333035499999999
LUX,15_29,2006,8.56042
LUX,15_29,2007,8.9448242
LUX,15_29,2008,8.478632000000001
LUX,15_29,2009,7.9304276
LUX,15_29,2010,7.1424961
LUX,15_29,2011,7.237673299999999
LUX,15_29,2012,8.1754742
LUX,15_29,2013,6.0610460999999995
LUX,15_29,2014,8.211834
LUX,15_29,2015,8.425355
LUX,15_29,2017,7.741536099999999
LUX,15_29,2018,8.3878117
LUX,15_29,2019,5.5465126
MEX,15_19,1997,18.993994
MEX,15_19,1998,19.304541
MEX,15_19,1999,17.734581
MEX,15_19,2000,18.308775
MEX,15_19,2001,17.807953
MEX,15_19,2002,17.515787
MEX,15_19,2003,17.845732
MEX,15_19,2004,17.047762
MEX,15_19,2005,17.275589
MEX,15_19,2006,16.597431
MEX,15_19,2007,16.743462
MEX,15_19,2008,17.410857999999998
MEX,15_19,2009,17.943594
MEX,15_19,2010,17.649739999999998
MEX,15_19,2011,18.143064000000003
MEX,15_19,2012,16.971058
MEX,15_19,2013,15.464898999999999
MEX,15_19,2014,15.267422
MEX,15_19,2015,14.510233
MEX,15_19,2016,14.3493
MEX,15_19,2017,13.946017000000001
MEX,15_19,2018,13.692604000000001
MEX,15_19,2019,14.165470999999998
MEX,20_24,1997,28.681241999999997
MEX,20_24,1998,27.439669
MEX,20_24,1999,26.070093
MEX,20_24,2000,27.143564
MEX,20_24,2001,27.056465000000003
MEX,20_24,2002,26.633913
MEX,20_24,2003,27.579159000000004
MEX,20_24,2004,27.410009000000002
MEX,20_24,2005,25.862370000000002
MEX,20_24,2006,25.702019
MEX,20_24,2007,25.626133
MEX,20_24,2008,25.896212
MEX,20_24,2009,27.448047999999996
MEX,20_24,2010,26.116676000000002
MEX,20_24,2011,26.206464999999998
MEX,20_24,2012,25.026188
MEX,20_24,2013,25.194193
MEX,20_24,2014,24.940748000000003
MEX,20_24,2015,25.273651
MEX,20_24,2016,24.860037
MEX,20_24,2017,23.757696
MEX,20_24,2018,23.159370000000003
MEX,20_24,2019,22.944685
MEX,15_29,1997,25.43222
MEX,15_29,1998,25.230703
MEX,15_29,1999,24.094904
MEX,15_29,2000,24.628597
MEX,15_29,2001,24.593536
MEX,15_29,2002,24.238504000000002
MEX,15_29,2003,24.757845
MEX,15_29,2004,24.243135000000002
MEX,15_29,2005,23.716904
MEX,15_29,2006,23.233076
MEX,15_29,2007,23.328405
MEX,15_29,2008,23.433718
MEX,15_29,2009,24.376291000000002
MEX,15_29,2010,23.702182999999998
MEX,15_29,2011,24.020402999999998
MEX,15_29,2012,22.88249
MEX,15_29,2013,22.298733
MEX,15_29,2014,22.379407999999998
MEX,15_29,2015,21.938206
MEX,15_29,2016,21.765724
MEX,15_29,2017,21.198429
MEX,15_29,2018,20.878084
MEX,15_29,2019,20.657989999999998
NLD,15_19,1997,2.8477547000000003
NLD,15_19,1998,2.7442372
NLD,15_19,1999,2.9605262000000003
NLD,15_19,2001,2.7716186
NLD,15_19,2002,3.152174
NLD,15_19,2003,2.9411764
NLD,15_19,2004,2.5862069
NLD,15_19,2005,3.0526316000000002
NLD,15_19,2006,2.1786492
NLD,15_19,2007,3.6163068
NLD,15_19,2008,2.0576131
NLD,15_19,2009,3.574697
NLD,15_19,2010,3.0643513
NLD,15_19,2011,3.4196892
NLD,15_19,2012,2.4048947999999997
NLD,15_19,2013,4.0612702
NLD,15_19,2014,3.6374638
NLD,15_19,2015,3.5742121
NLD,15_19,2016,3.6559803
NLD,15_19,2017,3.4613513999999994
NLD,15_19,2018,3.2541523
NLD,15_19,2019,3.5376904000000002
NLD,20_24,1997,7.1356782999999995
NLD,20_24,1998,7.5
NLD,20_24,1999,6.7226892000000005
NLD,20_24,2001,6.7106709
NLD,20_24,2002,6.2770562000000005
NLD,20_24,2003,8.5059977
NLD,20_24,2004,8.8648653
NLD,20_24,2005,8.078602799999999
NLD,20_24,2006,6.0133629
NLD,20_24,2007,6.946960400000001
NLD,20_24,2008,5.626327
NLD,20_24,2009,7.9082584
NLD,20_24,2010,7.4380164
NLD,20_24,2011,6.8895645000000005
NLD,20_24,2012,7.1221312999999995
NLD,20_24,2013,9.4730778
NLD,20_24,2014,10.374802
NLD,20_24,2015,8.8491974
NLD,20_24,2016,8.4626846
NLD,20_24,2017,7.716282400000001
NLD,20_24,2018,7.6713614
NLD,20_24,2019,7.435944999999999
NLD,15_29,1997,7.8616352
NLD,15_29,1998,7.396733800000001
NLD,15_29,1999,6.8211489
NLD,15_29,2001,6.727400299999999
NLD,15_29,2002,7.0675106
NLD,15_29,2003,7.711442900000001
NLD,15_29,2004,7.535714100000001
NLD,15_29,2005,7.264957400000001
NLD,15_29,2006,6.200145200000001
NLD,15_29,2007,6.716008199999999
NLD,15_29,2008,5.1138353
NLD,15_29,2009,6.9999967000000005
NLD,15_29,2010,6.7656198000000005
NLD,15_29,2011,6.8752151
NLD,15_29,2012,6.711185899999999
NLD,15_29,2013,8.8733149
NLD,15_29,2014,9.2209091
NLD,15_29,2015,8.2679853
NLD,15_29,2016,7.837773299999999
NLD,15_29,2017,7.5493064
NLD,15_29,2018,6.9547057
NLD,15_29,2019,6.8815141
NZL,15_19,2004,7.6305223
NZL,15_19,2005,7.1639829
NZL,15_19,2006,7.8930411
NZL,15_19,2007,7.459867999999999
NZL,15_19,2008,6.9978131999999995
NZL,15_19,2009,9.4286604
NZL,15_19,2010,8.603490800000001
NZL,15_19,2011,8.578663800000001
NZL,15_19,2012,8.7222404
NZL,15_19,2013,7.656917599999999
NZL,15_19,2014,7.129094599999999
NZL,15_19,2015,7.077118400000001
NZL,15_19,2016,5.4402514
NZL,15_19,2017,6.3411541
NZL,15_19,2018,5.0890584
NZL,15_19,2019,6.9097891
NZL,20_24,2004,14.037576000000001
NZL,20_24,2005,14.034471
NZL,20_24,2006,12.757058
NZL,20_24,2007,13.583219
NZL,20_24,2008,14.081145000000001
NZL,20_24,2009,17.645096
NZL,20_24,2010,17.787069
NZL,20_24,2011,16.521469
NZL,20_24,2012,16.921665
NZL,20_24,2013,15.608868
NZL,20_24,2014,14.46384
NZL,20_24,2015,14.943214999999999
NZL,20_24,2016,13.066051
NZL,20_24,2017,13.275084
NZL,20_24,2018,12.415541000000001
NZL,20_24,2019,13.904704999999998
NZL,15_29,2004,12.731203
NZL,15_29,2005,11.965304
NZL,15_29,2006,11.960714999999999
NZL,15_29,2007,11.966498
NZL,15_29,2008,12.102703
NZL,15_29,2009,14.782221
NZL,15_29,2010,15.281414000000002
NZL,15_29,2011,14.262648
NZL,15_29,2012,14.812828
NZL,15_29,2013,14.114370999999998
NZL,15_29,2014,12.936568
NZL,15_29,2015,13.294979000000001
NZL,15_29,2016,11.323588
NZL,15_29,2017,11.173238000000001
NZL,15_29,2018,10.16933
NZL,15_29,2019,11.836205999999999
NOR,15_19,1997,1.5573683999999999
NOR,15_19,1998,1.8581439
NOR,15_19,1999,1.7290912
NOR,15_19,2000,1.7302525000000002
NOR,15_19,2001,3.0442047000000003
NOR,15_19,2002,3.2077956000000003
NOR,15_19,2003,2.6754816000000003
NOR,15_19,2004,2.835156
NOR,15_19,2005,2.4764152000000004
NOR,15_19,2006,3.4278181000000005
NOR,15_19,2007,3.6679537000000004
NOR,15_19,2008,3.9772727
NOR,15_19,2009,4.1796632
NOR,15_19,2010,3.4869239000000003
NOR,15_19,2011,3.2178218
NOR,15_19,2012,3.0228255
NOR,15_19,2013,3.5780382000000004
NOR,15_19,2014,3.4921938999999997
NOR,15_19,2015,2.8272896
NOR,15_19,2016,3.4161491
NOR,15_19,2017,2.9795158
NOR,15_19,2018,2.5339708
NOR,15_19,2019,3.506012
NOR,20_24,1997,11.74216
NOR,20_24,1998,8.3778963
NOR,20_24,1999,7.759245900000001
NOR,20_24,2000,8.0310879
NOR,20_24,2001,8.7100334
NOR,20_24,2002,9.7400217
NOR,20_24,2003,10.56493
NOR,20_24,2004,9.8240471
NOR,20_24,2005,9.597069699999999
NOR,20_24,2006,9.077705400000001
NOR,20_24,2007,8.760684
NOR,20_24,2008,7.049067
NOR,20_24,2009,9.4022837
NOR,20_24,2010,9.032671
NOR,20_24,2011,10.374463
NOR,20_24,2012,10.652303999999999
NOR,20_24,2013,10.856808000000001
NOR,20_24,2014,10.651117
NOR,20_24,2015,10.175439
NOR,20_24,2016,10.903789999999999
NOR,20_24,2017,10.093349
NOR,20_24,2018,10.264264
NOR,20_24,2019,8.7435341
NOR,15_29,1997,8.8461227
NOR,15_29,1998,6.8273287
NOR,15_29,1999,6.1217275
NOR,15_29,2000,6.952095
NOR,15_29,2001,7.4886303
NOR,15_29,2002,8.009774199999999
NOR,15_29,2003,8.740081800000002
NOR,15_29,2004,8.6164799
NOR,15_29,2005,8.0551815
NOR,15_29,2006,7.8947368
NOR,15_29,2007,7.5164137
NOR,15_29,2008,6.674033199999999
NOR,15_29,2009,7.9809151
NOR,15_29,2010,8.4465199
NOR,15_29,2011,8.457711199999999
NOR,15_29,2012,8.396015199999999
NOR,15_29,2013,9.0836496
NOR,15_29,2014,9.275571800000002
NOR,15_29,2015,9.158367199999999
NOR,15_29,2016,9.4090204
NOR,15_29,2017,8.816705699999998
NOR,15_29,2018,8.6749754
NOR,15_29,2019,7.926373
POL,15_19,1997,5.3463855
POL,15_19,1998,4.7796864999999995
POL,15_19,1999,4.5651317
POL,15_19,2000,4.522613
POL,15_19,2001,5.8076162
POL,15_19,2002,3.0522566
POL,15_19,2003,3.2849896
POL,15_19,2004,2.5669734
POL,15_19,2005,1.6876541
POL,15_19,2006,3.7926311000000004
POL,15_19,2007,2.4616642000000004
POL,15_19,2008,2.3793077
POL,15_19,2009,3.6260464
POL,15_19,2010,3.5897653
POL,15_19,2011,3.9120567000000004
POL,15_19,2012,3.9270556000000005
POL,15_19,2013,3.4529779
POL,15_19,2014,3.9979497999999998
POL,15_19,2015,5.1995797
POL,15_19,2016,5.5525012
POL,15_19,2017,2.8506272
POL,15_19,2018,3.472631
POL,15_19,2019,3.0649037
POL,20_24,1997,25.326560999999998
POL,20_24,1998,23.943663
POL,20_24,1999,27.197516999999998
POL,20_24,2000,30.758898
POL,20_24,2001,27.054129
POL,20_24,2002,25.396353
POL,20_24,2003,25.490582999999997
POL,20_24,2004,24.106709
POL,20_24,2005,20.098087
POL,20_24,2006,20.673388
POL,20_24,2007,18.345098
POL,20_24,2008,15.556934
POL,20_24,2009,16.440821
POL,20_24,2010,17.55337
POL,20_24,2011,18.577
POL,20_24,2012,18.942678
POL,20_24,2013,20.182007000000002
POL,20_24,2014,19.23736
POL,20_24,2015,18.456818
POL,20_24,2016,17.96517
POL,20_24,2017,15.893720000000002
POL,20_24,2018,14.489070000000002
POL,20_24,2019,14.003207000000002
POL,15_29,1997,18.824123
POL,15_29,1998,17.580386999999998
POL,15_29,1999,19.94841
POL,15_29,2000,22.077456
POL,15_29,2001,20.697313
POL,15_29,2002,20.992304
POL,15_29,2003,20.533424
POL,15_29,2004,20.341841
POL,15_29,2005,18.37056
POL,15_29,2006,17.429582999999997
POL,15_29,2007,15.541375
POL,15_29,2008,13.661988000000001
POL,15_29,2009,14.222002999999999
POL,15_29,2010,15.0195
POL,15_29,2011,15.475976000000001
POL,15_29,2012,15.982306
POL,15_29,2013,16.951569
POL,15_29,2014,15.841154999999999
POL,15_29,2015,15.646258
POL,15_29,2016,15.053272
POL,15_29,2017,13.255484
POL,15_29,2018,12.690605
POL,15_29,2019,12.5
PRT,15_19,1997,9.827004400000002
PRT,15_19,1998,8.302247
PRT,15_19,1999,8.1028719
PRT,15_19,2000,7.7265315
PRT,15_19,2001,7.4164405
PRT,15_19,2002,7.2633677
PRT,15_19,2003,8.785224000000001
PRT,15_19,2004,9.7903299
PRT,15_19,2005,8.4430914
PRT,15_19,2006,7.7535515
PRT,15_19,2007,8.5529461
PRT,15_19,2008,7.0717402
PRT,15_19,2009,6.915947
PRT,15_19,2010,7.4371619
PRT,15_19,2011,8.043478
PRT,15_19,2012,7.8721709
PRT,15_19,2013,6.925744099999999
PRT,15_19,2014,6.056336900000001
PRT,15_19,2015,5.5104203
PRT,15_19,2016,4.7691083
PRT,15_19,2017,4.3447757000000005
PRT,15_19,2018,3.9669383000000003
PRT,15_19,2019,3.9248607000000004
PRT,20_24,1997,14.181529000000001
PRT,20_24,1998,11.955708
PRT,20_24,1999,11.901256
PRT,20_24,2000,10.950263
PRT,20_24,2001,10.432382
PRT,20_24,2002,11.993141
PRT,20_24,2003,12.263681
PRT,20_24,2004,13.534678
PRT,20_24,2005,14.123470999999999
PRT,20_24,2006,13.336595999999998
PRT,20_24,2007,15.202628
PRT,20_24,2008,13.45785
PRT,20_24,2009,15.721944
PRT,20_24,2010,16.377562
PRT,20_24,2011,18.727337
PRT,20_24,2012,22.702848
PRT,20_24,2013,22.029942000000002
PRT,20_24,2014,23.855564
PRT,20_24,2015,20.932331
PRT,20_24,2016,20.814951
PRT,20_24,2017,17.139833
PRT,20_24,2018,16.786358
PRT,20_24,2019,15.316968
PRT,15_29,1997,12.875874000000001
PRT,15_29,1998,12.117728
PRT,15_29,1999,11.284226
PRT,15_29,2000,10.52566
PRT,15_29,2001,9.9320593
PRT,15_29,2002,10.655678
PRT,15_29,2003,12.056697999999999
PRT,15_29,2004,12.696774000000001
PRT,15_29,2005,12.866458
PRT,15_29,2006,12.392595
PRT,15_29,2007,13.425179
PRT,15_29,2008,12.222536999999999
PRT,15_29,2009,12.796033
PRT,15_29,2010,13.465281
PRT,15_29,2011,15.288321
PRT,15_29,2012,16.616079
PRT,15_29,2013,17.317532999999997
PRT,15_29,2014,17.697248000000002
PRT,15_29,2015,15.342356
PRT,15_29,2016,15.615495000000001
PRT,15_29,2017,12.430303
PRT,15_29,2018,11.576732000000002
PRT,15_29,2019,11.455364999999999
SVK,15_19,1997,16.677329999999998
SVK,15_19,1998,18.331170999999998
SVK,15_19,1999,20.366644
SVK,15_19,2000,26.255861
SVK,15_19,2001,26.423588
SVK,15_19,2002,15.648252
SVK,15_19,2003,12.619649
SVK,15_19,2004,7.867907499999999
SVK,15_19,2005,6.2845306
SVK,15_19,2006,6.6859750999999985
SVK,15_19,2007,5.4331608000000005
SVK,15_19,2008,5.6579118
SVK,15_19,2009,4.548150499999999
SVK,15_19,2010,4.5793982
SVK,15_19,2011,5.3315182
SVK,15_19,2012,5.649962400000001
SVK,15_19,2013,5.4259529
SVK,15_19,2014,5.6845059000000004
SVK,15_19,2015,6.253296400000001
SVK,15_19,2016,6.058641400000001
SVK,15_19,2017,6.5919886
SVK,15_19,2018,6.670228
SVK,15_19,2019,5.465359200000001
SVK,20_24,1997,25.540360999999997
SVK,20_24,1998,26.301075
SVK,20_24,1999,31.429781
SVK,20_24,2000,33.101997
SVK,20_24,2001,34.878819
SVK,20_24,2002,33.896515
SVK,20_24,2003,29.563771999999997
SVK,20_24,2004,27.80015
SVK,20_24,2005,25.204905
SVK,20_24,2006,22.752289
SVK,20_24,2007,19.853416
SVK,20_24,2008,16.590412
SVK,20_24,2009,17.134214
SVK,20_24,2010,22.139001999999998
SVK,20_24,2011,21.367445
SVK,20_24,2012,20.245935
SVK,20_24,2013,20.97854
SVK,20_24,2014,18.557735
SVK,20_24,2015,18.823811
SVK,20_24,2016,16.754398000000002
SVK,20_24,2017,16.453008999999998
SVK,20_24,2018,14.683599
SVK,20_24,2019,11.769903999999999
SVK,15_29,1997,22.587065
SVK,15_29,1998,23.755053
SVK,15_29,1999,26.714610999999998
SVK,15_29,2000,30.405958000000002
SVK,15_29,2001,31.391059999999996
SVK,15_29,2002,26.808008
SVK,15_29,2003,23.864279
SVK,15_29,2004,21.789726
SVK,15_29,2005,20.547691
SVK,15_29,2006,19.12525
SVK,15_29,2007,17.211323
SVK,15_29,2008,16.171618
SVK,15_29,2009,16.115896
SVK,15_29,2010,18.822512
SVK,15_29,2011,19.120066
SVK,15_29,2012,18.792595000000002
SVK,15_29,2013,19.110228
SVK,15_29,2014,18.712257
SVK,15_29,2015,17.206007
SVK,15_29,2016,15.899045000000001
SVK,15_29,2017,16.216686
SVK,15_29,2018,15.148472
SVK,15_29,2019,13.333595
SVN,15_19,2003,4.7933149
SVN,15_19,2004,4.2765665
SVN,15_19,2005,4.892868
SVN,15_19,2006,4.2317815
SVN,15_19,2007,4.2901172999999995
SVN,15_19,2008,4.3823685999999995
SVN,15_19,2009,2.5281602999999997
SVN,15_19,2010,3.1805809
SVN,15_19,2011,3.3686407
SVN,15_19,2012,3.829632
SVN,15_19,2013,3.5458431000000004
SVN,15_19,2014,4.5709658
SVN,15_19,2015,4.952723000000001
SVN,15_19,2016,2.9467714
SVN,15_19,2017,3.4253267999999997
SVN,15_19,2018,1.9292605
SVN,15_19,2019,3.8141705999999997
SVN,20_24,2003,13.018746
SVN,20_24,2004,11.217825999999999
SVN,20_24,2005,13.035451
SVN,20_24,2006,13.710575
SVN,20_24,2007,10.4489
SVN,20_24,2008,10.256292
SVN,20_24,2009,11.375299
SVN,20_24,2010,9.2534399
SVN,20_24,2011,11.273076
SVN,20_24,2012,11.418216000000001
SVN,20_24,2013,13.662142999999999
SVN,20_24,2014,13.412979
SVN,20_24,2015,17.243578
SVN,20_24,2016,12.10398
SVN,20_24,2017,10.492811999999999
SVN,20_24,2018,12.027833
SVN,20_24,2019,8.6841755
SVN,15_29,2003,10.036363
SVN,15_29,2004,9.2399216
SVN,15_29,2005,10.061885
SVN,15_29,2006,10.769654
SVN,15_29,2007,10.104271
SVN,15_29,2008,8.4530506
SVN,15_29,2009,9.036617300000001
SVN,15_29,2010,8.7568846
SVN,15_29,2011,10.744351
SVN,15_29,2012,10.971950999999999
SVN,15_29,2013,13.162342
SVN,15_29,2014,13.662683
SVN,15_29,2015,14.600477
SVN,15_29,2016,11.576782000000001
SVN,15_29,2017,10.914832
SVN,15_29,2018,9.6732864
SVN,15_29,2019,9.4338131
ESP,15_19,1997,14.204989000000001
ESP,15_19,1998,12.805296
ESP,15_19,1999,12.364424
ESP,15_19,2000,8.7114611
ESP,15_19,2001,7.593069099999999
ESP,15_19,2002,7.913899400000001
ESP,15_19,2003,8.577872300000001
ESP,15_19,2004,8.3194866
ESP,15_19,2005,11.627808
ESP,15_19,2006,10.926758
ESP,15_19,2007,11.698711
ESP,15_19,2008,11.176688
ESP,15_19,2009,14.170147
ESP,15_19,2010,13.495923999999999
ESP,15_19,2011,12.508586
ESP,15_19,2012,11.805819
ESP,15_19,2013,11.18406
ESP,15_19,2014,9.653882000000001
ESP,15_19,2015,9.1175423
ESP,15_19,2016,8.7026138
ESP,15_19,2017,8.2606792
ESP,15_19,2018,8.7360992
ESP,15_19,2019,7.7757311
ESP,20_24,1997,22.411003
ESP,20_24,1998,20.325417
ESP,20_24,1999,17.929693
ESP,20_24,2000,15.244942000000002
ESP,20_24,2001,14.550782
ESP,20_24,2002,15.702256
ESP,20_24,2003,14.993045
ESP,20_24,2004,15.436189
ESP,20_24,2005,19.112753
ESP,20_24,2006,16.504938
ESP,20_24,2007,16.93432
ESP,20_24,2008,19.046920999999998
ESP,20_24,2009,25.895483
ESP,20_24,2010,27.049143
ESP,20_24,2011,28.928627000000002
ESP,20_24,2012,30.608912
ESP,20_24,2013,32.351871
ESP,20_24,2014,29.017447999999998
ESP,20_24,2015,27.2316
ESP,20_24,2016,25.505032999999997
ESP,20_24,2017,23.209845
ESP,20_24,2018,22.014969
ESP,20_24,2019,21.903513
ESP,15_29,1997,23.224657
ESP,15_29,1998,20.992860999999998
ESP,15_29,1999,19.291220000000003
ESP,15_29,2000,15.645872
ESP,15_29,2001,14.66973
ESP,15_29,2002,14.975956
ESP,15_29,2003,15.021785000000001
ESP,15_29,2004,14.651994
ESP,15_29,2005,17.136689999999998
ESP,15_29,2006,15.878055999999999
ESP,15_29,2007,15.614771
ESP,15_29,2008,16.669403
ESP,15_29,2009,22.630316
ESP,15_29,2010,23.645475
ESP,15_29,2011,24.313225
ESP,15_29,2012,25.629156
ESP,15_29,2013,27.151373
ESP,15_29,2014,24.314958999999998
ESP,15_29,2015,22.820313
ESP,15_29,2016,21.675491
ESP,15_29,2017,19.869802
ESP,15_29,2018,19.058907
ESP,15_29,2019,18.262832999999997
SWE,15_19,1997,4.5845027
SWE,15_19,1998,4.7211828
SWE,15_19,1999,3.6742787000000003
SWE,15_19,2000,3.6256976
SWE,15_19,2001,4.2635059
SWE,15_19,2002,4.6327205000000005
SWE,15_19,2003,4.2387733
SWE,15_19,2004,4.8400502
SWE,15_19,2005,4.6686578
SWE,15_19,2006,5.3258629
SWE,15_19,2007,6.954896000000001
SWE,15_19,2008,4.398261499999999
SWE,15_19,2009,5.543694
SWE,15_19,2010,5.303028599999999
SWE,15_19,2011,4.0540781
SWE,15_19,2012,4.1019454
SWE,15_19,2013,4.0550199000000005
SWE,15_19,2014,4.3128948
SWE,15_19,2017,3.6320114
SWE,15_19,2018,6.8044901
SWE,15_19,2019,3.3264515
SWE,20_24,1997,16.277359
SWE,20_24,1998,13.111282000000001
SWE,20_24,1999,11.022682000000001
SWE,20_24,2000,10.685319999999999
SWE,20_24,2001,10.590641999999999
SWE,20_24,2002,11.228245
SWE,20_24,2003,11.750802
SWE,20_24,2004,13.569166000000001
SWE,20_24,2005,13.403220999999998
SWE,20_24,2006,15.197967000000002
SWE,20_24,2007,13.113626000000002
SWE,20_24,2008,12.920163
SWE,20_24,2009,16.504984
SWE,20_24,2010,14.234339000000002
SWE,20_24,2011,12.866947
SWE,20_24,2012,13.460459
SWE,20_24,2013,12.942411
SWE,20_24,2014,12.011101
SWE,20_24,2015,11.784966
SWE,20_24,2016,10.846886
SWE,20_24,2017,10.482699
SWE,20_24,2018,10.001472
SWE,20_24,2019,8.978192300000002
SWE,15_29,1997,12.023903
SWE,15_29,1998,9.3701649
SWE,15_29,1999,8.1244774
SWE,15_29,2000,7.8992057
SWE,15_29,2001,7.3366226999999995
SWE,15_29,2002,7.9464817
SWE,15_29,2003,8.4056606
SWE,15_29,2004,9.5359077
SWE,15_29,2005,9.180994
SWE,15_29,2006,10.463096
SWE,15_29,2007,10.078616
SWE,15_29,2008,8.7471857
SWE,15_29,2009,10.992398
SWE,15_29,2010,10.270392
SWE,15_29,2011,9.0556602
SWE,15_29,2012,9.6956758
SWE,15_29,2013,9.364967300000002
SWE,15_29,2014,9.4477053
SWE,15_29,2015,9.077163699999998
SWE,15_29,2016,8.2297888
SWE,15_29,2017,8.041634599999998
SWE,15_29,2018,8.858016000000001
SWE,15_29,2019,7.0272613
CHE,15_19,1997,7.3961959
CHE,15_19,1998,4.9196057
CHE,15_19,1999,7.587507700000001
CHE,15_19,2000,7.9000068
CHE,15_19,2001,6.8062176999999995
CHE,15_19,2002,5.788906099999999
CHE,15_19,2003,7.801622900000001
CHE,15_19,2004,7.2067175
CHE,15_19,2005,7.478258099999999
CHE,15_19,2006,7.569344500000001
CHE,15_19,2007,8.1561413
CHE,15_19,2008,9.3800869
CHE,15_19,2009,8.1204834
CHE,15_19,2017,4.6980963
CHE,15_19,2018,4.0957475
CHE,15_19,2019,4.3168111
CHE,20_24,1997,10.378825
CHE,20_24,1998,11.261897
CHE,20_24,1999,8.267022099999998
CHE,20_24,2000,5.9167542
CHE,20_24,2001,8.4203959
CHE,20_24,2002,9.4418144
CHE,20_24,2003,12.446504
CHE,20_24,2004,11.014254
CHE,20_24,2005,11.857388
CHE,20_24,2006,10.786703
CHE,20_24,2007,10.359705
CHE,20_24,2008,9.136457400000001
CHE,20_24,2009,10.939910000000001
CHE,20_24,2017,9.074850999999999
CHE,20_24,2018,10.021872
CHE,20_24,2019,8.0662355
CHE,15_29,1997,10.2391
CHE,15_29,1998,9.5068359
CHE,15_29,1999,8.746121400000002
CHE,15_29,2000,8.3455429
CHE,15_29,2001,8.8594475
CHE,15_29,2002,9.506194099999998
CHE,15_29,2003,11.43031
CHE,15_29,2004,10.187387
CHE,15_29,2005,10.43501
CHE,15_29,2006,9.9827404
CHE,15_29,2007,10.171864999999999
CHE,15_29,2008,9.556446099999999
CHE,15_29,2009,10.703157000000001
CHE,15_29,2017,8.400214199999999
CHE,15_29,2018,8.0663462
CHE,15_29,2019,7.3363681
TUR,15_19,1997,30.216875
TUR,15_19,1998,27.708883
TUR,15_19,1999,26.914240000000003
TUR,15_19,2000,31.170685
TUR,15_19,2001,32.276749
TUR,15_19,2002,32.947231
TUR,15_19,2003,32.84898
TUR,15_19,2004,35.310734000000004
TUR,15_19,2005,36.118958
TUR,15_19,2006,35.043304
TUR,15_19,2007,34.470078
TUR,15_19,2008,37.0555
TUR,15_19,2009,28.688799
TUR,15_19,2010,25.600527
TUR,15_19,2011,24.779497
TUR,15_19,2013,22.160118
TUR,15_19,2014,20.970842
TUR,15_19,2015,18.677607000000002
TUR,15_19,2016,18.399616
TUR,15_19,2017,15.530239000000002
TUR,15_19,2018,15.304529
TUR,15_19,2019,17.049297
TUR,20_24,1997,48.389069
TUR,20_24,1998,41.956055
TUR,20_24,1999,41.36058
TUR,20_24,2000,44.181492
TUR,20_24,2001,44.215687
TUR,20_24,2002,45.291996000000005
TUR,20_24,2003,47.751457
TUR,20_24,2004,47.839073
TUR,20_24,2005,49.70892
TUR,20_24,2006,48.770725
TUR,20_24,2007,46.253822
TUR,20_24,2008,46.070938
TUR,20_24,2009,46.120174
TUR,20_24,2010,43.673145
TUR,20_24,2011,39.639286
TUR,20_24,2013,35.895920000000004
TUR,20_24,2014,36.298607000000004
TUR,20_24,2015,33.245232
TUR,20_24,2016,32.920654
TUR,20_24,2017,32.857956
TUR,20_24,2018,31.216929999999998
TUR,20_24,2019,33.295712
TUR,15_29,1997,37.962936
TUR,15_29,1998,35.147999
TUR,15_29,1999,35.223904
TUR,15_29,2000,37.831131
TUR,15_29,2001,38.885899
TUR,15_29,2002,39.63892
TUR,15_29,2003,41.139103000000006
TUR,15_29,2004,41.908875
TUR,15_29,2005,43.584148
TUR,15_29,2006,42.636936
TUR,15_29,2007,41.328671
TUR,15_29,2008,41.989979
TUR,15_29,2009,39.581005
TUR,15_29,2010,36.625298
TUR,15_29,2011,34.623466
TUR,15_29,2013,31.256966
TUR,15_29,2014,31.558616999999998
TUR,15_29,2015,28.777969
TUR,15_29,2016,28.202928999999997
TUR,15_29,2017,27.224148
TUR,15_29,2018,26.480194
TUR,15_29,2019,28.765891999999997
GBR,15_19,2000,8.0395985
GBR,15_19,2001,8.1613684
GBR,15_19,2002,8.5619125
GBR,15_19,2003,9.4446602
GBR,15_19,2004,9.0179672
GBR,15_19,2005,9.345014599999999
GBR,15_19,2006,10.918889
GBR,15_19,2007,10.704359
GBR,15_19,2008,9.7684202
GBR,15_19,2009,9.5968218
GBR,15_19,2010,9.9868994
GBR,15_19,2011,9.5078344
GBR,15_19,2012,9.5881748
GBR,15_19,2013,9.0502501
GBR,15_19,2014,8.444237699999999
GBR,15_19,2015,8.7103109
GBR,15_19,2016,8.431469
GBR,15_19,2017,8.754621499999999
GBR,15_19,2018,8.9302368
GBR,15_19,2019,8.633688900000001
GBR,20_24,2000,15.373466
GBR,20_24,2001,14.758949
GBR,20_24,2002,15.317479999999998
GBR,20_24,2003,15.278234
GBR,20_24,2004,14.805220000000002
GBR,20_24,2005,16.846548000000002
GBR,20_24,2006,18.237735999999998
GBR,20_24,2007,18.070854
GBR,20_24,2008,18.332113
GBR,20_24,2009,19.142677
GBR,20_24,2010,19.340719
GBR,20_24,2011,19.124384
GBR,20_24,2012,20.241364
GBR,20_24,2013,19.085394
GBR,20_24,2014,17.019976
GBR,20_24,2015,15.635670000000001
GBR,20_24,2016,14.983214000000002
GBR,20_24,2017,12.910425
GBR,20_24,2018,14.194826
GBR,20_24,2019,13.591121
GBR,15_29,2000,13.321187
GBR,15_29,2001,13.058864
GBR,15_29,2002,13.313820999999999
GBR,15_29,2003,13.649643
GBR,15_29,2004,13.463719000000001
GBR,15_29,2005,14.173507999999998
GBR,15_29,2006,15.114338
GBR,15_29,2007,14.935845
GBR,15_29,2008,14.753457000000001
GBR,15_29,2009,15.673460999999998
GBR,15_29,2010,15.931578
GBR,15_29,2011,15.501491
GBR,15_29,2012,16.287668
GBR,15_29,2013,15.588923000000001
GBR,15_29,2014,14.401425
GBR,15_29,2015,13.741446
GBR,15_29,2016,13.19285
GBR,15_29,2017,12.191374
GBR,15_29,2018,12.601758
GBR,15_29,2019,12.27737
USA,15_19,1997,7.070120299999999
USA,15_19,1998,7.3089933
USA,15_19,1999,7.3709893
USA,15_19,2000,7.001358
USA,15_19,2001,7.475353699999999
USA,15_19,2002,6.9336237999999994
USA,15_19,2003,7.0617676
USA,15_19,2004,6.8959131
USA,15_19,2005,6.105628500000001
USA,15_19,2006,6.6575742
USA,15_19,2007,6.590436500000001
USA,15_19,2008,7.6166186
USA,15_19,2009,8.7954292
USA,15_19,2010,7.649653900000001
USA,15_19,2011,7.1476121
USA,15_19,2012,7.660045599999999
USA,15_19,2013,8.4280987
USA,15_19,2014,7.6003852
USA,15_19,2015,7.0117421
USA,15_19,2016,7.2751832
USA,15_19,2017,7.2712975
USA,15_19,2018,7.1112556
USA,20_24,1997,15.053262
USA,20_24,1998,14.393699
USA,20_24,1999,15.107566
USA,20_24,2000,14.442835
USA,20_24,2001,15.606332
USA,20_24,2002,16.743038000000002
USA,20_24,2003,16.692667
USA,20_24,2004,16.871641
USA,20_24,2005,15.518863
USA,20_24,2006,15.601642000000002
USA,20_24,2007,16.215307
USA,20_24,2008,17.233847
USA,20_24,2009,20.073364
USA,20_24,2010,19.427807
USA,20_24,2011,18.496653
USA,20_24,2012,17.694813
USA,20_24,2013,18.775475
USA,20_24,2014,17.491091
USA,20_24,2015,15.754209
USA,20_24,2016,15.348238
USA,20_24,2017,14.248234
USA,20_24,2018,14.820635999999999
USA,15_29,1997,12.569969
USA,15_29,1998,12.225907000000001
USA,15_29,1999,12.555514
USA,15_29,2000,12.244109
USA,15_29,2001,13.33735
USA,15_29,2002,13.555201
USA,15_29,2003,14.292314999999999
USA,15_29,2004,13.935595000000001
USA,15_29,2005,13.13805
USA,15_29,2006,12.944772
USA,15_29,2007,13.182692999999999
USA,15_29,2008,14.720297
USA,15_29,2009,16.870991
USA,15_29,2010,16.131823999999998
USA,15_29,2011,15.853354999999999
USA,15_29,2012,15.19755
USA,15_29,2013,16.004404
USA,15_29,2014,15.047262
USA,15_29,2015,14.380192999999998
USA,15_29,2016,14.118049
USA,15_29,2017,13.280724
USA,15_29,2018,12.685773
